fixture_id,fecha_partido,hora_partido,estado_partido,liga,pais_liga,grupo_liga,prioridad_liga,local,visitante,logo_local,logo_visitante,marcador_local,marcador_visitante,minuto_partido,goles_local,goles_visitante,forma_local,forma_visitante,racha_local,racha_visitante,ppm_local,ppm_visitante,record_local,record_visitante,goleador_local,goles_goleador_local,goleador_visitante,goles_goleador_visitante,localia,cuota_local,cuota_empate,cuota_visitante,fuente_cuotas,market_match_score,bookmaker_count,resultado_real,fuente_partidos,alineacion_confirmada,formacion_local,formacion_visitante,bajas_local,bajas_visitante,alerta_rotacion_local,alerta_rotacion_visitante
740938,2026-05-03,2026-05-03 08:00,HT,Premier League,England,Premier League,95,AFC Bournemouth,Crystal Palace,https://a.espncdn.com/i/teamlogos/soccer/500/349.png,https://a.espncdn.com/i/teamlogos/soccer/500/384.png,1,0,15',1.43,0.93,9,7,DWWDD,WLDLW,1.44,1.3,11-16-7,11-10-12,,0,,0,1,1.22,6.0,13.0,espn_odds,0.78,1,,espn_scoreboard,False,,,0,0,False,False
740943,2026-05-03,2026-05-03 09:30,NS,Premier League,England,Premier League,95,Manchester United,Liverpool,https://a.espncdn.com/i/teamlogos/soccer/500/360.png,https://a.espncdn.com/i/teamlogos/soccer/500/364.png,0,0,,1.38,0.97,10,9,WWLDW,WWLWL,1.79,1.71,17-10-7,17-7-10,Benjamin Sesko,10,Hugo Ekitike,11,1,2.2,3.2,2.8,fallback,0.25,0,,espn_scoreboard,False,,,0,0,False,False
740937,2026-05-03,2026-05-03 13:00,NS,Premier League,England,Premier League,95,Aston Villa,Tottenham Hotspur,https://a.espncdn.com/i/teamlogos/soccer/500/362.png,https://a.espncdn.com/i/teamlogos/soccer/500/367.png,0,0,,1.46,0.9,7,7,LLWWD,WDLLW,1.71,1.0,17-7-10,8-10-16,Ollie Watkins,11,Richarlison,9,1,2.2,3.2,2.8,fallback,0.25,0,,espn_scoreboard,False,,,0,0,False,False
740940,2026-05-04,2026-05-04 09:00,NS,Premier League,England,Premier League,95,Chelsea,Nottingham Forest,https://a.espncdn.com/i/teamlogos/soccer/500/363.png,https://a.espncdn.com/i/teamlogos/soccer/500/393.png,0,0,,1.12,1.21,6,13,WLLLW,WWWWD,1.41,1.15,13-9-12,10-9-15,João Pedro,14,Morgan Gibbs-White,13,1,2.2,3.2,2.8,fallback,0.25,0,,espn_scoreboard,False,,,0,0,False,False
740941,2026-05-04,2026-05-04 14:00,NS,Premier League,England,Premier League,95,Everton,Manchester City,https://a.espncdn.com/i/teamlogos/soccer/500/368.png,https://a.espncdn.com/i/teamlogos/soccer/500/382.png,0,0,,0.79,1.51,4,15,LLDWL,WWWWW,1.38,2.12,13-8-13,21-7-5,Beto,8,Erling Haaland,24,1,2.2,3.2,2.8,fallback,0.25,0,,espn_scoreboard,False,,,0,0,False,False
748483,2026-05-03,2026-05-03 07:00,HT,La Liga,Spain,La Liga,93,Celta Vigo,Elche,https://a.espncdn.com/i/teamlogos/soccer/500/85.png,https://a.espncdn.com/i/teamlogos/soccer/500/3751.png,2,0,54',0.92,1.39,0,12,LLLLL,WWWLW,1.33,1.15,11-11-11,9-11-13,,0,,0,1,1.06,11.0,51.0,espn_odds,0.78,1,,espn_scoreboard,False,,,0,0,False,False
748474,2026-05-03,2026-05-03 09:15,NS,La Liga,Spain,La Liga,93,Getafe,Rayo Vallecano,https://a.espncdn.com/i/teamlogos/soccer/500/2922.png,https://a.espncdn.com/i/teamlogos/soccer/500/101.png,0,0,,1.43,0.93,9,7,LWLWW,WDWLL,1.33,1.18,13-5-15,9-12-12,Mauro Arambarri,6,Jorge de Frutos,10,1,2.2,3.2,2.8,fallback,0.25,0,,espn_scoreboard,False,,,0,0,False,False
748479,2026-05-03,2026-05-03 11:30,NS,La Liga,Spain,La Liga,93,Real Betis,Real Oviedo,https://a.espncdn.com/i/teamlogos/soccer/500/244.png,https://a.espncdn.com/i/teamlogos/soccer/500/92.png,0,0,,1.42,0.94,6,7,DWLDD,LDWWL,1.52,0.85,12-14-7,6-10-17,Cucho Hernández,8,Federico Viñas,9,1,2.2,3.2,2.8,fallback,0.25,0,,espn_scoreboard,False,,,0,0,False,False
748475,2026-05-03,2026-05-03 14:00,NS,La Liga,Spain,La Liga,93,Espanyol,Real Madrid,https://a.espncdn.com/i/teamlogos/soccer/500/88.png,https://a.espncdn.com/i/teamlogos/soccer/500/86.png,0,0,,1.03,1.3,2,5,DLLDL,DWLDL,1.18,2.24,10-9-14,23-5-5,Roberto Fernández,6,Kylian Mbappé,24,1,2.2,3.2,2.8,fallback,0.25,0,,espn_scoreboard,False,,,0,0,False,False
748478,2026-05-04,2026-05-04 14:00,NS,La Liga,Spain,La Liga,93,Sevilla,Real Sociedad,https://a.espncdn.com/i/teamlogos/soccer/500/243.png,https://a.espncdn.com/i/teamlogos/soccer/500/89.png,0,0,,1.1,1.23,3,8,LLWLL,DLWDW,1.03,1.3,9-7-17,11-10-12,Akor Adams,8,Mikel Oyarzabal,14,1,2.2,3.2,2.8,fallback,0.25,0,,espn_scoreboard,False,,,0,0,False,False
737124,2026-05-03,2026-05-03 08:00,HT,Serie A,Italy,Serie A,91,Sassuolo,AC Milan,https://a.espncdn.com/i/teamlogos/soccer/500/3997.png,https://a.espncdn.com/i/teamlogos/soccer/500/103.png,1,0,14',1.25,1.09,8,7,DWLWD,DWLLW,1.35,1.97,13-7-14,19-10-5,,0,,0,1,2.2,3.2,2.8,fallback,0.25,0,,espn_scoreboard,False,,,0,0,False,False
737127,2026-05-03,2026-05-03 11:00,NS,Serie A,Italy,Serie A,91,Juventus,Hellas Verona,https://a.espncdn.com/i/teamlogos/soccer/500/111.png,https://a.espncdn.com/i/teamlogos/soccer/500/119.png,0,0,,1.94,0.47,11,1,DWWWD,DLLLL,1.88,0.56,18-10-6,3-10-21,Kenan Yildiz,10,Gift Orban,7,1,2.2,3.2,2.8,fallback,0.25,0,,espn_scoreboard,False,,,0,0,False,False
737133,2026-05-03,2026-05-03 13:45,NS,Serie A,Italy,Serie A,91,Internazionale,Parma,https://a.espncdn.com/i/teamlogos/soccer/500/110.png,https://a.espncdn.com/i/teamlogos/soccer/500/115.png,0,0,,1.71,0.67,13,8,DWWWW,WWDDL,2.32,1.24,25-4-5,10-12-12,Lautaro Martínez,16,Mateo Pellegrino,8,1,2.2,3.2,2.8,fallback,0.25,0,,espn_scoreboard,False,,,0,0,False,False
737129,2026-05-04,2026-05-04 11:30,NS,Serie A,Italy,Serie A,91,Cremonese,Lazio,https://a.espncdn.com/i/teamlogos/soccer/500/4050.png,https://a.espncdn.com/i/teamlogos/soccer/500/112.png,0,0,,1.08,1.25,4,8,LDLLW,DWWLD,0.82,1.41,6-10-18,12-12-10,Federico Bonazzoli,7,Matteo Cancellieri,4,1,2.2,3.2,2.8,fallback,0.25,0,,espn_scoreboard,False,,,0,0,False,False
737125,2026-05-04,2026-05-04 13:45,NS,Serie A,Italy,Serie A,91,AS Roma,Fiorentina,https://a.espncdn.com/i/teamlogos/soccer/500/104.png,https://a.espncdn.com/i/teamlogos/soccer/500/109.png,0,0,,1.53,0.84,10,8,WDWLW,DDWWL,1.79,1.09,19-4-11,8-13-13,Donyell Malen,11,Moise Kean,8,1,2.2,3.2,2.8,fallback,0.25,0,,espn_scoreboard,False,,,0,0,False,False
747002,2026-05-03,2026-05-03 08:30,NS,Bundesliga,Germany,Bundesliga,89,St. Pauli,Mainz,https://a.espncdn.com/i/teamlogos/soccer/500/270.png,https://a.espncdn.com/i/teamlogos/soccer/500/2950.png,0,0,,1.21,1.13,2,4,LDLDL,LDLLW,0.84,1.1,6-8-17,8-10-13,Danel Sinani,5,Nadiem Amiri,11,1,2.2,3.2,2.8,fallback,0.25,0,,espn_scoreboard,False,,,0,0,False,False
746999,2026-05-03,2026-05-03 10:30,NS,Bundesliga,Germany,Bundesliga,89,Borussia Mönchengladbach,Borussia Dortmund,https://a.espncdn.com/i/teamlogos/soccer/500/268.png,https://a.espncdn.com/i/teamlogos/soccer/500/124.png,0,0,,0.94,1.37,4,9,DDLDD,WLLWW,1.03,2.16,7-11-13,20-7-4,Haris Tabakovic,11,Serhou Guirassy,15,1,2.2,3.2,2.8,fallback,0.25,0,,espn_scoreboard,False,,,0,0,False,False
747003,2026-05-03,2026-05-03 12:30,NS,Bundesliga,Germany,Bundesliga,89,SC Freiburg,VfL Wolfsburg,https://a.espncdn.com/i/teamlogos/soccer/500/126.png,https://a.espncdn.com/i/teamlogos/soccer/500/138.png,0,0,,1.51,0.86,6,4,LLLWW,DWLLL,1.39,0.81,12-7-12,6-7-18,Igor Matanovic,8,Mohamed Amoura,8,1,2.2,3.2,2.8,fallback,0.25,0,,espn_scoreboard,False,,,0,0,False,False
746691,2026-05-03,2026-05-03 08:00,HT,Ligue 1,France,Ligue 1,87,Lille,Le Havre AC,https://a.espncdn.com/i/teamlogos/soccer/500/166.png,https://a.espncdn.com/i/teamlogos/soccer/500/3236.png,0,0,15',1.81,0.58,13,4,WDWWW,DDDDL,1.84,1.0,17-6-8,6-13-12,,0,,0,1,1.43,3.95,8.5,espn_odds,0.78,1,,espn_scoreboard,False,,,0,0,False,False
746699,2026-05-03,2026-05-03 10:15,NS,Ligue 1,France,Ligue 1,87,AJ Auxerre,Angers,https://a.espncdn.com/i/teamlogos/soccer/500/172.png,https://a.espncdn.com/i/teamlogos/soccer/500/7868.png,0,0,,1.42,0.94,6,2,LDDDW,LDLDL,0.81,1.1,5-10-16,9-7-15,Lassine Sinayoko,8,Prosper Peter,5,1,2.2,3.2,2.8,fallback,0.25,0,,espn_scoreboard,False,,,0,0,False,False
746698,2026-05-03,2026-05-03 10:15,NS,Ligue 1,France,Ligue 1,87,Paris FC,Brest,https://a.espncdn.com/i/teamlogos/soccer/500/6851.png,https://a.espncdn.com/i/teamlogos/soccer/500/6997.png,0,0,,1.62,0.76,10,2,LWWDW,DDLLL,1.23,1.27,9-11-11,10-8-12,Ilan Kebbal,9,Romain Del Castillo,8,1,2.2,3.2,2.8,fallback,0.25,0,,espn_scoreboard,False,,,0,0,False,False
746696,2026-05-03,2026-05-03 10:15,NS,Ligue 1,France,Ligue 1,87,Strasbourg,Toulouse,https://a.espncdn.com/i/teamlogos/soccer/500/180.png,https://a.espncdn.com/i/teamlogos/soccer/500/179.png,0,0,,1.57,0.8,6,1,LWLLW,DLLLL,1.53,1.23,13-7-10,10-8-13,Joaquín Panichelli,16,Yann Gboho,8,1,2.2,3.2,2.8,fallback,0.25,0,,espn_scoreboard,False,,,0,0,False,False
746692,2026-05-03,2026-05-03 13:45,NS,Ligue 1,France,Ligue 1,87,Lyon,Stade Rennais,https://a.espncdn.com/i/teamlogos/soccer/500/167.png,https://a.espncdn.com/i/teamlogos/soccer/500/169.png,0,0,,1.23,1.11,10,13,WWWDL,WWWWD,1.84,1.81,17-6-8,16-8-7,Pavel Sulc,11,Breel Embolo,8,1,2.2,3.2,2.8,fallback,0.25,0,,espn_scoreboard,False,,,0,0,False,False
401850888,2026-05-03,2026-05-03 15:30,NS,Primera A Colombia,Colombia,Primera A Colombia,86,Alianza FC,Millonarios,https://a.espncdn.com/i/teamlogos/soccer/500/9761.png,https://a.espncdn.com/i/teamlogos/soccer/500/5484.png,0,0,,1.13,1.2,5,8,DLLWD,DWLWD,0.89,1.39,3-7-8,7-4-7,Jesús Muñoz,3,Leonardo Castro,7,1,2.2,3.2,2.8,fallback,0.25,0,,espn_scoreboard,False,,,0,0,False,False
401850891,2026-05-03,2026-05-03 15:30,NS,Primera A Colombia,Colombia,Primera A Colombia,86,Deportes Tolima,Deportivo Cali,https://a.espncdn.com/i/teamlogos/soccer/500/5489.png,https://a.espncdn.com/i/teamlogos/soccer/500/2672.png,0,0,,1.22,1.12,6,10,WLWLL,WLDWW,1.67,1.44,8-6-4,7-5-6,Juan Torres,6,Avilés Hurtado,6,1,2.2,3.2,2.8,fallback,0.25,0,,espn_scoreboard,False,,,0,0,False,False
401850897,2026-05-03,2026-05-03 15:30,NS,Primera A Colombia,Colombia,Primera A Colombia,86,Fortaleza CEIF,Bucaramanga,https://a.espncdn.com/i/teamlogos/soccer/500/4928.png,https://a.espncdn.com/i/teamlogos/soccer/500/6137.png,0,0,,1.33,1.02,5,4,LLWDD,DLWLL,1.06,1.28,4-7-7,5-8-5,Andrés Arroyo,8,Luciano Pons,7,1,2.2,3.2,2.8,fallback,0.25,0,,espn_scoreboard,False,,,0,0,False,False
401850893,2026-05-03,2026-05-03 15:30,NS,Primera A Colombia,Colombia,Primera A Colombia,86,Independiente Medellín,Águilas Doradas,https://a.espncdn.com/i/teamlogos/soccer/500/2690.png,https://a.espncdn.com/i/teamlogos/soccer/500/9762.png,0,0,,1.65,0.73,12,4,WWWWL,DLLWL,1.44,1.28,7-5-6,6-5-7,Francisco Chaverra,3,Jorge Rivaldo,10,1,2.2,3.2,2.8,fallback,0.25,0,,espn_scoreboard,False,,,0,0,False,False
401850894,2026-05-03,2026-05-03 15:30,NS,Primera A Colombia,Colombia,Primera A Colombia,86,Independiente Santa Fe,Internacional de Bogotá,https://a.espncdn.com/i/teamlogos/soccer/500/5488.png,https://a.espncdn.com/i/teamlogos/soccer/500/7445.png,0,0,,1.31,1.04,7,7,LWWLD,WLWDL,1.44,1.56,6-8-4,7-7-4,Hugo Rodallega,6,Fabricio Sanguinetti,5,1,2.2,3.2,2.8,fallback,0.25,0,,espn_scoreboard,False,,,0,0,False,False
401850889,2026-05-03,2026-05-03 17:45,NS,Primera A Colombia,Colombia,Primera A Colombia,86,América de Cali,Deportivo Pereira,https://a.espncdn.com/i/teamlogos/soccer/500/8109.png,https://a.espncdn.com/i/teamlogos/soccer/500/5486.png,0,0,,1.72,0.67,9,4,LLWWW,WLDLL,1.67,0.56,9-3-6,1-7-10,Yeison Guzmán,10,Yuber Quiñones,3,1,2.2,3.2,2.8,fallback,0.25,0,,espn_scoreboard,False,,,0,0,False,False
401850896,2026-05-03,2026-05-03 17:45,NS,Primera A Colombia,Colombia,Primera A Colombia,86,Atlético Junior,Deportivo Pasto,https://a.espncdn.com/i/teamlogos/soccer/500/4815.png,https://a.espncdn.com/i/teamlogos/soccer/500/5485.png,0,0,,1.31,1.04,7,7,LDWLW,LWWDL,1.78,1.89,10-2-6,10-4-4,Luis Muriel,9,Andrey Estupiñán,12,1,2.2,3.2,2.8,fallback,0.25,0,,espn_scoreboard,False,,,0,0,False,False
741261,2026-05-03,2026-05-03 07:30,HT,Eredivisie,Netherlands,Eredivisie,79,Fortuna Sittard,Feyenoord Rotterdam,https://a.espncdn.com/i/teamlogos/soccer/500/143.png,https://a.espncdn.com/i/teamlogos/soccer/500/142.png,0,0,45',1.02,1.3,4,9,LDLLW,WDDDW,1.16,1.87,10-6-15,17-7-7,,0,,0,1,5.75,2.95,1.77,espn_odds,0.78,1,,espn_scoreboard,False,,,0,0,False,False
741263,2026-05-03,2026-05-03 07:30,HT,Eredivisie,Netherlands,Eredivisie,79,PEC Zwolle,Heracles Almelo,https://a.espncdn.com/i/teamlogos/soccer/500/2565.png,https://a.espncdn.com/i/teamlogos/soccer/500/3708.png,1,0,44',1.57,0.81,5,1,LDLWD,LLLDL,1.1,0.61,8-10-13,5-4-22,,0,,0,1,1.22,5.5,15.0,espn_odds,0.78,1,,espn_scoreboard,False,,,0,0,False,False
741255,2026-05-03,2026-05-03 09:45,NS,Eredivisie,Netherlands,Eredivisie,79,AZ Alkmaar,FC Twente,https://a.espncdn.com/i/teamlogos/soccer/500/140.png,https://a.espncdn.com/i/teamlogos/soccer/500/152.png,0,0,,1.23,1.11,8,10,DWDWL,DWWWL,1.58,1.74,14-7-10,14-12-5,Troy Parrott,15,Kristian Hlynsson,9,1,2.2,3.2,2.8,fallback,0.25,0,,espn_scoreboard,False,,,0,0,False,False
741258,2026-05-03,2026-05-03 09:45,NS,Eredivisie,Netherlands,Eredivisie,79,Sparta Rotterdam,Go Ahead Eagles,https://a.espncdn.com/i/teamlogos/soccer/500/151.png,https://a.espncdn.com/i/teamlogos/soccer/500/3706.png,0,0,,1.21,1.13,4,8,LLDWL,DDWLW,1.35,1.19,12-6-13,8-13-10,Tobias Lauritsen,11,Mathis Suray,11,1,2.2,3.2,2.8,fallback,0.25,0,,espn_scoreboard,False,,,0,0,False,False
750527,2026-05-03,2026-05-03 09:30,NS,Primeira Liga,Portugal,Primeira Liga,78,Casa Pia,Tondela,https://a.espncdn.com/i/teamlogos/soccer/500/21581.png,https://a.espncdn.com/i/teamlogos/soccer/500/12706.png,0,0,,1.35,1.0,2,2,LLDLD,DLLDL,0.84,0.71,5-11-15,4-10-17,Cassiano,6,Pedro Maranhão,6,1,2.2,3.2,2.8,fallback,0.25,0,,espn_scoreboard,False,,,0,0,False,False
750531,2026-05-03,2026-05-03 12:00,NS,Primeira Liga,Portugal,Primeira Liga,78,Braga,Estoril,https://a.espncdn.com/i/teamlogos/soccer/500/2994.png,https://a.espncdn.com/i/teamlogos/soccer/500/12216.png,0,0,,1.81,0.58,10,0,WLWDW,LLLLL,1.81,1.19,16-8-7,10-7-14,Rodrigo Zalazar,16,Yanis Begraoui,19,1,2.2,3.2,2.8,fallback,0.25,0,,espn_scoreboard,False,,,0,0,False,False
750532,2026-05-03,2026-05-03 14:30,NS,Primeira Liga,Portugal,Primeira Liga,78,Rio Ave,Gil Vicente,https://a.espncdn.com/i/teamlogos/soccer/500/3822.png,https://a.espncdn.com/i/teamlogos/soccer/500/3699.png,0,0,,1.24,1.1,7,7,LDWLW,WLDWL,1.1,1.58,8-10-13,13-10-8,Jalen Blesa,6,Murilo,11,1,2.2,3.2,2.8,fallback,0.25,0,,espn_scoreboard,False,,,0,0,False,False
750530,2026-05-04,2026-05-04 14:15,NS,Primeira Liga,Portugal,Primeira Liga,78,Sporting CP,Vitória de Guimaraes,https://a.espncdn.com/i/teamlogos/soccer/500/2250.png,https://a.espncdn.com/i/teamlogos/soccer/500/5309.png,0,0,,1.29,1.05,4,10,DDDLD,WWDWL,2.35,1.35,22-7-2,12-6-13,Luis Suárez,25,Samu,7,1,2.2,3.2,2.8,fallback,0.25,0,,espn_scoreboard,False,,,0,0,False,False
401870485,2026-05-03,2026-05-03 18:00,NS,Liga MX,Mexico,Liga MX,76,América,Pumas UNAM,https://a.espncdn.com/i/teamlogos/soccer/500/227.png,https://a.espncdn.com/i/teamlogos/soccer/500/233.png,0,0,,1.11,1.22,7,13,LWWLD,WWWWD,1.3,1.3,,,Brian Rodríguez,7,Guillermo Martínez,4,1,2.2,3.2,2.8,fallback,0.25,0,,espn_scoreboard,False,,,0,0,False,False
401870614,2026-05-03,2026-05-03 20:15,NS,Liga MX,Mexico,Liga MX,76,Toluca,Pachuca,https://a.espncdn.com/i/teamlogos/soccer/500/223.png,https://a.espncdn.com/i/teamlogos/soccer/500/234.png,0,0,,1.22,1.12,6,9,LWLLW,LLWWW,1.3,1.3,,,Paulinho,12,Enner Valencia,3,1,2.2,3.2,2.8,fallback,0.25,0,,espn_scoreboard,False,,,0,0,False,False
